{
  "accuracy": 0.7931034482758621,
  "auc": 0.8547181127548982,
  "f1": 0.8067796610169492,
  "tpr": 0.780327868852459,
  "fpr": 0.1910569105691057
}