{
  "accuracy": 0.6189944965045366,
  "auc": 0.6341677951833504,
  "f1": 0.6023441744935186,
  "tpr": 0.5607746784217372,
  "fpr": 0.3192891067871917
}