{
  "accuracy": 0.8185117967332124,
  "auc": 0.897281087564974,
  "f1": 0.8316498316498316,
  "tpr": 0.8098360655737705,
  "fpr": 0.17073170731707318
}