{
  "accuracy": 0.6442631751618002,
  "auc": 0.6833730474066884,
  "f1": 0.643470982976879,
  "tpr": 0.6420412180500462,
  "fpr": 0.35351486772644575
}