{
  "accuracy": 0.7113101821131018,
  "auc": 0.7281154018014767,
  "f1": 0.33528562940327644,
  "tpr": 0.6224393318625906,
  "fpr": 0.27691729637206197
}