{
  "accuracy": 0.6983333333333334,
  "auc": 0.7723544973544973,
  "f1": 0.7633986928104575,
  "tpr": 0.6952380952380952,
  "fpr": 0.29444444444444445
}