{
  "accuracy": 0.49419203479056995,
  "auc": 0.4802277688641666,
  "f1": 0.6559100021409525,
  "tpr": 0.9641794460975052,
  "fpr": 0.9757953765163653
}