{
  "accuracy": 0.5023001095290252,
  "auc": 0.5662749246325103,
  "f1": 0.6615017878426699,
  "tpr": 0.9728308501314636,
  "fpr": 0.9680245291283399
}