{
  "accuracy": 0.5480373083085375,
  "auc": 0.5735618828078829,
  "f1": 0.5582864972177949,
  "tpr": 0.5712405584802014,
  "fpr": 0.47516594186312655
}