{
  "accuracy": 0.7175222005631362,
  "auc": 0.7920978474510706,
  "f1": 0.7014330845657251,
  "tpr": 0.6636631433027205,
  "fpr": 0.22862340812613705
}