{
  "accuracy": 0.698,
  "auc": 0.7599333333333333,
  "f1": 0.7644305772230889,
  "tpr": 0.7,
  "fpr": 0.30666666666666664
}