{
  "accuracy": 0.5406541043967945,
  "auc": 0.7075531490046192,
  "f1": 0.16240126382306477,
  "tpr": 0.08906601975394213,
  "fpr": 0.0077969332062722
}