{
  "accuracy": 0.4732136763802634,
  "auc": 0.5209425168229722,
  "f1": 0.3523242154723947,
  "tpr": 0.5988305761551626,
  "fpr": 0.5662958643581233
}