{
  "accuracy": 0.5225029079304483,
  "auc": 0.5469123731838699,
  "f1": 0.5542376656643279,
  "tpr": 0.5936950102896,
  "fpr": 0.5486891944287036
}