{
  "accuracy": 0.5714694438086518,
  "auc": 0.5961079062304641,
  "f1": 0.551556886227545,
  "tpr": 0.5270656900892653,
  "fpr": 0.38412680247196157
}