{
  "accuracy": 0.7537185780157668,
  "auc": 0.836840961443292,
  "f1": 0.7559780406027781,
  "tpr": 0.7413643590114178,
  "fpr": 0.23318523058066493
}