{
  "accuracy": 0.574496644295302,
  "auc": 0.6041410296833476,
  "f1": 0.5481111903064861,
  "tpr": 0.5161073825503356,
  "fpr": 0.36711409395973155
}