{
  "accuracy": 0.5155064703257475,
  "auc": 0.5507051982788516,
  "f1": 0.37812037611569854,
  "tpr": 0.28624078624078625,
  "fpr": 0.2414585567642102
}