{
  "accuracy": 0.5097276264591439,
  "auc": 0.5231998481938621,
  "f1": 0.3866418498102942,
  "tpr": 0.30905241474021516,
  "fpr": 0.28959716182192724
}