{
  "accuracy": 0.5065232318608377,
  "auc": 0.5054999781670954,
  "f1": 0.4590050812370617,
  "tpr": 0.41868848706797895,
  "fpr": 0.4056420233463035
}