{
  "accuracy": 0.648590021691974,
  "auc": 0.7291304347826086,
  "f1": 0.578125,
  "tpr": 0.6894409937888198,
  "fpr": 0.37333333333333335
}