{
  "accuracy": 0.7212857435337473,
  "auc": 0.7221116310574689,
  "f1": 0.5111909036505087,
  "tpr": 0.6090986879634912,
  "fpr": 0.24342872521754733
}