{
  "accuracy": 0.49967141292442496,
  "auc": 0.4879691297526242,
  "f1": 0.4493731918997107,
  "tpr": 0.4084136722173532,
  "fpr": 0.4091108190976785
}