{
  "accuracy": 0.8185117967332124,
  "auc": 0.8892709582833533,
  "f1": 0.8263888888888888,
  "tpr": 0.780327868852459,
  "fpr": 0.13414634146341464
}