{
  "accuracy": 0.5989110707803993,
  "auc": 0.6422764227642277,
  "f1": 0.7240948813982522,
  "tpr": 0.9508196721311475,
  "fpr": 0.8373983739837398
}