{
  "accuracy": 0.6619789050728278,
  "auc": 0.7207904240604568,
  "f1": 0.6135515360321562,
  "tpr": 0.5366649924660974,
  "fpr": 0.212707182320442
}