{
  "accuracy": 0.7345768733850129,
  "auc": 0.8076445207540988,
  "f1": 0.7412829594647776,
  "tpr": 0.7607431340872375,
  "fpr": 0.29157248950597353
}