{
  "accuracy": 0.6161983204134367,
  "auc": 0.6429806477997624,
  "f1": 0.6869937438261442,
  "tpr": 0.8426494345718901,
  "fpr": 0.6101065547303842
}