{
  "accuracy": 0.7568058076225045,
  "auc": 0.8797814207650273,
  "f1": 0.7442748091603053,
  "tpr": 0.639344262295082,
  "fpr": 0.0975609756097561
}