{
  "accuracy": 0.5123767798466594,
  "auc": 0.5215074227332074,
  "f1": 0.4086078639744952,
  "tpr": 0.33698510078878174,
  "fpr": 0.3123083661848445
}