{
  "accuracy": 0.7049891540130152,
  "auc": 0.750072463768116,
  "f1": 0.615819209039548,
  "tpr": 0.6770186335403726,
  "fpr": 0.28
}