{
  "accuracy": 0.7841185578411856,
  "auc": 0.8732691064596522,
  "f1": 0.46763636363636363,
  "tpr": 0.8105893476205484,
  "fpr": 0.21938796810420408
}