{
  "accuracy": 0.5701342281879195,
  "auc": 0.6465674969595965,
  "f1": 0.6434734205399387,
  "tpr": 0.7758389261744967,
  "fpr": 0.6355704697986577
}