{
  "accuracy": 0.750484496124031,
  "auc": 0.8539782753960135,
  "f1": 0.7750436808386721,
  "tpr": 0.859935379644588,
  "fpr": 0.3588957055214724
}