{
  "accuracy": 0.5064622124863088,
  "auc": 0.5158504942410523,
  "f1": 0.5003326679973387,
  "tpr": 0.49430324276950044,
  "fpr": 0.48138414367060883
}