{
  "accuracy": 0.5525678294573644,
  "auc": 0.6132306891394715,
  "f1": 0.5773777743879186,
  "tpr": 0.6114701130856219,
  "fpr": 0.5062964158863417
}