{
  "accuracy": 0.6052060737527115,
  "auc": 0.7067494824016564,
  "f1": 0.5900900900900901,
  "tpr": 0.8136645962732919,
  "fpr": 0.5066666666666667
}