{
  "accuracy": 0.5226574762847198,
  "auc": 0.7388675380005754,
  "f1": 0.4571805517830119,
  "tpr": 0.8401312036508842,
  "fpr": 0.5771956580245806
}