{
  "accuracy": 0.6592427616926503,
  "auc": 0.7334808985079522,
  "f1": 0.4778156996587031,
  "tpr": 0.6542056074766355,
  "fpr": 0.3391812865497076
}