{
  "accuracy": 0.5029468986037995,
  "auc": 0.5073903187294994,
  "f1": 0.5184199584199585,
  "tpr": 0.5350766765850309,
  "fpr": 0.5291828793774319
}