{
  "accuracy": 0.7421875,
  "auc": 0.7972686567164179,
  "f1": 0.6550522648083623,
  "tpr": 0.7014925373134329,
  "fpr": 0.236
}