{
  "accuracy": 0.7479504972306144,
  "auc": 0.8268276893044235,
  "f1": 0.7394124752418872,
  "tpr": 0.7151859894259819,
  "fpr": 0.21928499496475326
}