{
  "accuracy": 0.6348870538456289,
  "auc": 0.6264380024995022,
  "f1": 0.4133128632525496,
  "tpr": 0.5375071306332002,
  "fpr": 0.33448461469453666
}