{
  "accuracy": 0.49967141292442496,
  "auc": 0.49751929342474555,
  "f1": 0.3066180935033394,
  "tpr": 0.22129710780017528,
  "fpr": 0.22207621550591328
}