{
  "accuracy": 0.7338098332250379,
  "auc": 0.7842469058571844,
  "f1": 0.6979007915048424,
  "tpr": 0.6149714087679778,
  "fpr": 0.14736203759854458
}