{
  "accuracy": 0.5591625762308493,
  "auc": 0.5804645441673533,
  "f1": 0.595875234361684,
  "tpr": 0.6315941610059257,
  "fpr": 0.5176191205760686
}