{
  "accuracy": 0.6249372174786539,
  "auc": 0.6896834978901794,
  "f1": 0.6323692307692308,
  "tpr": 0.6451531893520844,
  "fpr": 0.3952787543947765
}