{
  "accuracy": 0.5616666666666666,
  "auc": 0.6048941798941799,
  "f1": 0.6311360448807855,
  "tpr": 0.5357142857142857,
  "fpr": 0.37777777777777777
}