{
  "accuracy": 0.7739806827398068,
  "auc": 0.82506834709095,
  "f1": 0.4259900758355959,
  "tpr": 0.7169870784746297,
  "fpr": 0.2184695027762702
}