{
  "accuracy": 0.7747548477475484,
  "auc": 0.8446316743648189,
  "f1": 0.4431279620853081,
  "tpr": 0.76615190671289,
  "fpr": 0.2241055400158644
}