{
  "accuracy": 0.6206896551724138,
  "auc": 0.6983339997334399,
  "f1": 0.5828343313373253,
  "tpr": 0.4786885245901639,
  "fpr": 0.2032520325203252
}