{
  "accuracy": 0.6693872425916625,
  "auc": 0.699775811846428,
  "f1": 0.6419148646810825,
  "tpr": 0.5926670015067805,
  "fpr": 0.25389251632345555
}