{
  "accuracy": 0.6798787091184753,
  "auc": 0.7389253269847402,
  "f1": 0.6562151097878675,
  "tpr": 0.6110726044013169,
  "fpr": 0.25132114701550723
}