{
  "accuracy": 0.7983115829831158,
  "auc": 0.8771880637821713,
  "f1": 0.4802887812292201,
  "tpr": 0.796722344784116,
  "fpr": 0.20147789420949358
}