{
  "accuracy": 0.6184367098021717,
  "auc": 0.6766492489766401,
  "f1": 0.5843898092267812,
  "tpr": 0.5213181095534036,
  "fpr": 0.27861191971809407
}