{
  "accuracy": 0.678679055750879,
  "auc": 0.7384826079487276,
  "f1": 0.6275651288022122,
  "tpr": 0.5414364640883977,
  "fpr": 0.18407835258663988
}