{
  "accuracy": 0.5116666666666667,
  "auc": 0.5453835978835979,
  "f1": 0.5784172661870504,
  "tpr": 0.4785714285714286,
  "fpr": 0.4111111111111111
}