{
  "accuracy": 0.6926503340757239,
  "auc": 0.6898945182270317,
  "f1": 0.4888888888888889,
  "tpr": 0.616822429906542,
  "fpr": 0.28362573099415206
}