{
  "accuracy": 0.6498158977691142,
  "auc": 0.7257547787571602,
  "f1": 0.6241049009578722,
  "tpr": 0.5814416912146941,
  "fpr": 0.2818158191111496
}