{
  "accuracy": 0.6431894777655164,
  "auc": 0.6962655095172329,
  "f1": 0.623960772603687,
  "tpr": 0.5920546392674998,
  "fpr": 0.3056756837364669
}