{
  "accuracy": 0.3983333333333333,
  "auc": 0.4391137566137566,
  "f1": 0.4168012924071082,
  "tpr": 0.30714285714285716,
  "fpr": 0.3888888888888889
}