{
  "accuracy": 0.790859173126615,
  "auc": 0.8680734600110691,
  "f1": 0.7895677608059799,
  "tpr": 0.7849757673667205,
  "fpr": 0.2032612205360026
}