{
  "accuracy": 0.4993991760128176,
  "auc": 0.4996728404061554,
  "f1": 0.470541955396859,
  "tpr": 0.444895857175555,
  "fpr": 0.4460975051499199
}