{
  "accuracy": 0.7332123411978222,
  "auc": 0.8236105557776889,
  "f1": 0.7351351351351352,
  "tpr": 0.6688524590163935,
  "fpr": 0.18699186991869918
}