{
  "accuracy": 0.5080536912751678,
  "auc": 0.5787883428674384,
  "f1": 0.04432855280312908,
  "tpr": 0.022818791946308724,
  "fpr": 0.006711409395973154
}