{
  "accuracy": 0.6155012588693065,
  "auc": 0.6577028196954122,
  "f1": 0.6126084575250065,
  "tpr": 0.6080338750286106,
  "fpr": 0.3770313572899977
}