{
  "accuracy": 0.7047449055481184,
  "auc": 0.7778804976395979,
  "f1": 0.7183198524194693,
  "tpr": 0.7316086139615552,
  "fpr": 0.32373218936724374
}