{
  "accuracy": 0.6646157709693621,
  "auc": 0.706109120878206,
  "f1": 0.6083003372928582,
  "tpr": 0.520843797086891,
  "fpr": 0.19161225514816674
}