{
  "accuracy": 0.7875470028754701,
  "auc": 0.8569369269467974,
  "f1": 0.4585173353377807,
  "tpr": 0.7689883391112512,
  "fpr": 0.2099945727048804
}