{
  "accuracy": 0.7429932856833442,
  "auc": 0.8282970339874021,
  "f1": 0.7173550569291601,
  "tpr": 0.6523132905908855,
  "fpr": 0.16633457506714025
}