{
  "accuracy": 0.6124161073825504,
  "auc": 0.652744921399937,
  "f1": 0.6477584629460201,
  "tpr": 0.7127516778523489,
  "fpr": 0.4879194630872483
}