{
  "accuracy": 0.555,
  "auc": 0.5975727513227513,
  "f1": 0.635743519781719,
  "tpr": 0.5547619047619048,
  "fpr": 0.4444444444444444
}