{
  "accuracy": 0.7486175624861756,
  "auc": 0.8206424812726478,
  "f1": 0.42138311412812895,
  "tpr": 0.7825401827923101,
  "fpr": 0.25587609067757694
}