{
  "accuracy": 0.5226725082146769,
  "auc": 0.5392771822981509,
  "f1": 0.4652760736196319,
  "tpr": 0.4154250657318142,
  "fpr": 0.3701270258431888
}