{
  "accuracy": 0.7199047000216591,
  "auc": 0.7892366376208549,
  "f1": 0.7145253863134657,
  "tpr": 0.7010916652226651,
  "fpr": 0.2612838950012995
}