{
  "accuracy": 0.5066812705366922,
  "auc": 0.5102506696026685,
  "f1": 0.4723523898781631,
  "tpr": 0.44171779141104295,
  "fpr": 0.4283837056504599
}