{
  "accuracy": 0.7054797487546025,
  "auc": 0.7699120229598735,
  "f1": 0.6450164465096851,
  "tpr": 0.535175879396985,
  "fpr": 0.12423113575327038
}