{
  "accuracy": 0.49982833600366217,
  "auc": 0.4296724338059596,
  "f1": 0.0015990862364363221,
  "tpr": 0.0008010986495765621,
  "fpr": 0.0011444266422522317
}