{
  "accuracy": 0.6278523489932886,
  "auc": 0.6892457546957345,
  "f1": 0.647152402163538,
  "tpr": 0.6825503355704698,
  "fpr": 0.4268456375838926
}