{
  "accuracy": 0.5290112153810941,
  "auc": 0.5551503723957483,
  "f1": 0.6231399661187674,
  "tpr": 0.7787823300526436,
  "fpr": 0.7207598992904555
}