{
  "accuracy": 0.68,
  "auc": 0.7448478835978838,
  "f1": 0.7486910994764397,
  "tpr": 0.680952380952381,
  "fpr": 0.32222222222222224
}