{
  "accuracy": 0.6102449888641426,
  "auc": 0.6481117123025633,
  "f1": 0.4444444444444444,
  "tpr": 0.6542056074766355,
  "fpr": 0.40350877192982454
}