{
  "accuracy": 0.6218120805369127,
  "auc": 0.6806463672807531,
  "f1": 0.6049772169645987,
  "tpr": 0.5791946308724832,
  "fpr": 0.33557046979865773
}