{
  "accuracy": 0.5666666666666667,
  "auc": 0.5264814814814816,
  "f1": 0.6658097686375322,
  "tpr": 0.6166666666666667,
  "fpr": 0.55
}