{
  "accuracy": 0.602,
  "auc": 0.7080380952380952,
  "f1": 0.6563039723661486,
  "tpr": 0.5428571428571428,
  "fpr": 0.26
}