{
  "accuracy": 0.5357917570498916,
  "auc": 0.5472049689440993,
  "f1": 0.4397905759162304,
  "tpr": 0.5217391304347826,
  "fpr": 0.45666666666666667
}