{
  "accuracy": 0.5838926174496645,
  "auc": 0.6174552948065403,
  "f1": 0.5477753464624362,
  "tpr": 0.5040268456375839,
  "fpr": 0.33624161073825504
}