{
  "accuracy": 0.4846074616617075,
  "auc": 0.4632263405966661,
  "f1": 0.5696813339066457,
  "tpr": 0.6823071641107805,
  "fpr": 0.7130922407873655
}