{
  "accuracy": 0.5226725082146769,
  "auc": 0.529578836524815,
  "f1": 0.4035039693402683,
  "tpr": 0.3229623137598598,
  "fpr": 0.2777047744196233
}