{
  "accuracy": 0.5566666666666666,
  "auc": 0.4757671957671958,
  "f1": 0.6810551558752997,
  "tpr": 0.6761904761904762,
  "fpr": 0.7222222222222222
}