{
  "accuracy": 0.7241379310344828,
  "auc": 0.790510462481674,
  "f1": 0.790633608815427,
  "tpr": 0.940983606557377,
  "fpr": 0.5447154471544715
}