{
  "accuracy": 0.5733333333333334,
  "auc": 0.5599415204678363,
  "f1": 0.37254901960784315,
  "tpr": 0.5277777777777778,
  "fpr": 0.41228070175438597
}