{
  "accuracy": 0.6259155413138018,
  "auc": 0.667436308754416,
  "f1": 0.6060679099755958,
  "tpr": 0.5755321583886472,
  "fpr": 0.32370107576104373
}