{
  "accuracy": 0.7284524072845241,
  "auc": 0.5805723202370163,
  "f1": 0.1894806338028169,
  "tpr": 0.2713520327765522,
  "fpr": 0.21099653488080825
}