{
  "accuracy": 0.5677947356779474,
  "auc": 0.8083506623940736,
  "f1": 0.32262537554887916,
  "tpr": 0.8799243618027104,
  "fpr": 0.47355237339790424
}