{
  "accuracy": 0.5784487207844872,
  "auc": 0.5996982034980811,
  "f1": 0.2471525446046481,
  "tpr": 0.5915537346359911,
  "fpr": 0.4232872709055233
}