{
  "accuracy": 0.5791946308724832,
  "auc": 0.6182505292554389,
  "f1": 0.5780619111709286,
  "tpr": 0.5765100671140939,
  "fpr": 0.4181208053691275
}