{
  "accuracy": 0.49284279256654945,
  "auc": 0.4777111012615535,
  "f1": 0.6565184114295434,
  "tpr": 0.9693621295831241,
  "fpr": 0.9836765444500251
}