{
  "accuracy": 0.71,
  "auc": 0.717116402116402,
  "f1": 0.7986111111111112,
  "tpr": 0.8214285714285714,
  "fpr": 0.55
}