{
  "accuracy": 0.774386197743862,
  "auc": 0.8476969797021742,
  "f1": 0.44434356273833303,
  "tpr": 0.7711944531988655,
  "fpr": 0.22519099903978626
}