{
  "accuracy": 0.7658802177858439,
  "auc": 0.8992936158869785,
  "f1": 0.7902439024390244,
  "tpr": 0.7967213114754098,
  "fpr": 0.27235772357723576
}