{
  "accuracy": 0.6513422818791946,
  "auc": 0.6948957254177739,
  "f1": 0.6658089417819234,
  "tpr": 0.6946308724832215,
  "fpr": 0.3919463087248322
}