{
  "accuracy": 0.5276243093922652,
  "auc": 0.5245389473625791,
  "f1": 0.5624563852058618,
  "tpr": 0.6072325464590658,
  "fpr": 0.5519839276745354
}