{
  "accuracy": 0.5058050383351588,
  "auc": 0.5036025333764828,
  "f1": 0.4440611138491868,
  "tpr": 0.394829097283085,
  "fpr": 0.3832676303109943
}