{
  "accuracy": 0.8239564428312159,
  "auc": 0.9014794082367054,
  "f1": 0.831304347826087,
  "tpr": 0.7836065573770492,
  "fpr": 0.12601626016260162
}