{
  "accuracy": 0.5952735179674983,
  "auc": 0.63127595489686,
  "f1": 0.5967962604036028,
  "tpr": 0.5990501258869306,
  "fpr": 0.4085030899519341
}