{
  "accuracy": 0.5783333333333334,
  "auc": 0.622989417989418,
  "f1": 0.6500691562932227,
  "tpr": 0.5595238095238095,
  "fpr": 0.37777777777777777
}