{
  "accuracy": 0.8202831232028313,
  "auc": 0.9025301334348313,
  "f1": 0.522199353131432,
  "tpr": 0.839583989914907,
  "fpr": 0.1822736191708763
}