{
  "accuracy": 0.7852893053696266,
  "auc": 0.8677563306525355,
  "f1": 0.77857033287314,
  "tpr": 0.7335597629715277,
  "fpr": 0.15987436800980542
}