{
  "accuracy": 0.7000968992248062,
  "auc": 0.723856976604072,
  "f1": 0.7398795349488724,
  "tpr": 0.8533117932148627,
  "fpr": 0.4530190506942202
}