{
  "accuracy": 0.8156492248062015,
  "auc": 0.902637656015019,
  "f1": 0.8221547090441692,
  "tpr": 0.8525040387722133,
  "fpr": 0.22118178882789796
}