{
  "accuracy": 0.6333333333333333,
  "auc": 0.6761695906432748,
  "f1": 0.4329896907216495,
  "tpr": 0.5833333333333334,
  "fpr": 0.3508771929824561
}