{
  "accuracy": 0.5261744966442953,
  "auc": 0.4576557362280978,
  "f1": 0.577245508982036,
  "tpr": 0.6469798657718121,
  "fpr": 0.5946308724832214
}