{
  "accuracy": 0.5861467154955368,
  "auc": 0.6187767823076304,
  "f1": 0.5662018293597241,
  "tpr": 0.5401693751430533,
  "fpr": 0.3678759441519799
}