{
  "accuracy": 0.5147864184008762,
  "auc": 0.5111429293144505,
  "f1": 0.43994943109987356,
  "tpr": 0.38124452234881684,
  "fpr": 0.3517301795882611
}