{
  "accuracy": 0.8517441860465116,
  "auc": 0.9270184602014665,
  "f1": 0.851528384279476,
  "tpr": 0.8505654281098546,
  "fpr": 0.14707781724249275
}