{
  "accuracy": 0.6358613761928679,
  "auc": 0.6948441202387136,
  "f1": 0.6495044718394972,
  "tpr": 0.6747865394274234,
  "fpr": 0.4030637870416876
}