{
  "accuracy": 0.6550976138828634,
  "auc": 0.7254865424430641,
  "f1": 0.576,
  "tpr": 0.6708074534161491,
  "fpr": 0.35333333333333333
}