{
  "accuracy": 0.6871770025839793,
  "auc": 0.7654207547770185,
  "f1": 0.7058019441069259,
  "tpr": 0.7507269789983845,
  "fpr": 0.37633193412980304
}