{
  "accuracy": 0.7015590200445434,
  "auc": 0.6223151336284638,
  "f1": 0.33,
  "tpr": 0.308411214953271,
  "fpr": 0.17543859649122806
}