{
  "accuracy": 0.7940694738278851,
  "auc": 0.816693758424408,
  "f1": 0.5989233734299196,
  "tpr": 0.6426126640045636,
  "fpr": 0.15829371131246076
}