{
  "accuracy": 0.5097613882863341,
  "auc": 0.4899792960662526,
  "f1": 0.44878048780487806,
  "tpr": 0.5714285714285714,
  "fpr": 0.5233333333333333
}