{
  "accuracy": 0.6757399970251375,
  "auc": 0.7410984535248903,
  "f1": 0.7219033039928562,
  "tpr": 0.8178927590692296,
  "fpr": 0.4749502068331546
}