{
  "accuracy": 0.7876588021778584,
  "auc": 0.8659602825536452,
  "f1": 0.8,
  "tpr": 0.7672131147540984,
  "fpr": 0.18699186991869918
}