{
  "accuracy": 0.5531453362255966,
  "auc": 0.68675983436853,
  "f1": 0.5761316872427984,
  "tpr": 0.8695652173913043,
  "fpr": 0.6166666666666667
}