{
  "accuracy": 0.8003629764065335,
  "auc": 0.8510329201652672,
  "f1": 0.8090277777777778,
  "tpr": 0.7639344262295082,
  "fpr": 0.15447154471544716
}