{
  "accuracy": 0.6731543624161074,
  "auc": 0.7234750686905994,
  "f1": 0.6455604075691412,
  "tpr": 0.5953020134228187,
  "fpr": 0.24899328859060402
}