{
  "accuracy": 0.6636971046770601,
  "auc": 0.6998415040717058,
  "f1": 0.4626334519572954,
  "tpr": 0.6074766355140186,
  "fpr": 0.31871345029239767
}