{
  "accuracy": 0.8005869105302669,
  "auc": 0.8849419846514128,
  "f1": 0.6630535055350554,
  "tpr": 0.8200228180262408,
  "fpr": 0.2055261505337759
}