{
  "accuracy": 0.7586501057803863,
  "auc": 0.8373886029670088,
  "f1": 0.6021711007368243,
  "tpr": 0.763405590416429,
  "fpr": 0.24284560868395083
}