{
  "accuracy": 0.5332747363134104,
  "auc": 0.607713742479026,
  "f1": 0.6180248689754393,
  "tpr": 0.7551481667503767,
  "fpr": 0.688598694123556
}