{
  "accuracy": 0.6372425916624812,
  "auc": 0.6880177587188556,
  "f1": 0.6246589580355982,
  "tpr": 0.6037167252636866,
  "fpr": 0.3292315419387243
}