{
  "accuracy": 0.5798657718120805,
  "auc": 0.5979417593802081,
  "f1": 0.5575971731448763,
  "tpr": 0.5295302013422819,
  "fpr": 0.3697986577181208
}