{
  "accuracy": 0.5099671412924425,
  "auc": 0.5137956192610627,
  "f1": 0.5579924916024501,
  "tpr": 0.6187554776511832,
  "fpr": 0.5987735435830048
}