{
  "accuracy": 0.7506082725060828,
  "auc": 0.8250692417940171,
  "f1": 0.4107656127515025,
  "tpr": 0.7431452883706272,
  "fpr": 0.248403122782115
}