{
  "accuracy": 0.6873294346978558,
  "auc": 0.7483988545282974,
  "f1": 0.6679547336461495,
  "tpr": 0.629007104487957,
  "fpr": 0.2543532877068353
}