{
  "accuracy": 0.8511796733212341,
  "auc": 0.9255497800879648,
  "f1": 0.862876254180602,
  "tpr": 0.8459016393442623,
  "fpr": 0.14227642276422764
}