{
  "accuracy": 0.5006294346532387,
  "auc": 0.5011382824542395,
  "f1": 0.48290572969129586,
  "tpr": 0.4663538567177844,
  "fpr": 0.46509498741130695
}