{
  "accuracy": 0.6325167037861915,
  "auc": 0.6059190031152648,
  "f1": 0.3373493975903614,
  "tpr": 0.3925233644859813,
  "fpr": 0.29239766081871343
}