{
  "accuracy": 0.7494710980686549,
  "auc": 0.7817934541055891,
  "f1": 0.5757540737316538,
  "tpr": 0.7104962920707358,
  "fpr": 0.23827038665111688
}