{
  "accuracy": 0.602874677002584,
  "auc": 0.6312083114463264,
  "f1": 0.6736129546057871,
  "tpr": 0.8198707592891761,
  "fpr": 0.6139812721989022
}