{
  "accuracy": 0.47378402498884425,
  "auc": 0.46225315964926994,
  "f1": 0.47505286196535224,
  "tpr": 0.46271137447608035,
  "fpr": 0.5144783208212043
}