{
  "accuracy": 0.5046349279011215,
  "auc": 0.5298859935354694,
  "f1": 0.48488635011305486,
  "tpr": 0.4662966353856718,
  "fpr": 0.4570267795834287
}