{
  "accuracy": 0.5699464524765729,
  "auc": 0.604580746594914,
  "f1": 0.5147891755821271,
  "tpr": 0.44334441393264923,
  "fpr": 0.2958480159338134
}