{
  "accuracy": 0.6575841285786037,
  "auc": 0.7098752522968123,
  "f1": 0.6636240286172443,
  "tpr": 0.6755399296835761,
  "fpr": 0.36037167252636865
}