{
  "accuracy": 0.5182913472070099,
  "auc": 0.5275357662070335,
  "f1": 0.4868144690781797,
  "tpr": 0.4570552147239264,
  "fpr": 0.4204993429697766
}