{
  "accuracy": 0.6953125,
  "auc": 0.8159402985074627,
  "f1": 0.6377708978328174,
  "tpr": 0.7686567164179104,
  "fpr": 0.344
}