{
  "accuracy": 0.6525612472160356,
  "auc": 0.6890200579329946,
  "f1": 0.4583333333333333,
  "tpr": 0.616822429906542,
  "fpr": 0.3362573099415205
}