{
  "accuracy": 0.5432885906040269,
  "auc": 0.5582451240935093,
  "f1": 0.5553740607644561,
  "tpr": 0.5704697986577181,
  "fpr": 0.48389261744966444
}