{
  "accuracy": 0.7277676950998185,
  "auc": 0.787205117952819,
  "f1": 0.7663551401869159,
  "tpr": 0.8065573770491803,
  "fpr": 0.3699186991869919
}