{
  "accuracy": 0.6594360086767896,
  "auc": 0.7227743271221532,
  "f1": 0.579088471849866,
  "tpr": 0.6708074534161491,
  "fpr": 0.3466666666666667
}