{
  "accuracy": 0.6507592190889371,
  "auc": 0.7243581780538303,
  "f1": 0.6175771971496437,
  "tpr": 0.8074534161490683,
  "fpr": 0.43333333333333335
}