{
  "accuracy": 0.8166969147005445,
  "auc": 0.9047980807676929,
  "f1": 0.830820770519263,
  "tpr": 0.8131147540983606,
  "fpr": 0.17886178861788618
}