{
  "accuracy": 0.6954207329557087,
  "auc": 0.764026902886904,
  "f1": 0.499831895102544,
  "tpr": 0.6360524814603536,
  "fpr": 0.28590652193415267
}