{
  "accuracy": 0.526178789230998,
  "auc": 0.5308973334617942,
  "f1": 0.5712939909831102,
  "tpr": 0.613527966469143,
  "fpr": 0.5664164240845718
}