{
  "accuracy": 0.4053452115812918,
  "auc": 0.7230283653057878,
  "f1": 0.4282655246252677,
  "tpr": 0.9345794392523364,
  "fpr": 0.7602339181286549
}