{
  "accuracy": 0.6583062594758501,
  "auc": 0.6961312138036657,
  "f1": 0.6233046800382044,
  "tpr": 0.5654132732628661,
  "fpr": 0.24880880187126397
}