{
  "accuracy": 0.686,
  "auc": 0.7617333333333333,
  "f1": 0.7543035993740219,
  "tpr": 0.6885714285714286,
  "fpr": 0.32
}