{
  "accuracy": 0.5174496644295302,
  "auc": 0.5758384757443359,
  "f1": 0.6709382151029748,
  "tpr": 0.9838926174496644,
  "fpr": 0.9489932885906041
}