{
  "accuracy": 0.6695128076343546,
  "auc": 0.6971284138744894,
  "f1": 0.625923820352473,
  "tpr": 0.5529884480160723,
  "fpr": 0.21396283274736314
}