{
  "accuracy": 0.4388179894902068,
  "auc": 0.522253185672912,
  "f1": 0.3499090837220334,
  "tpr": 0.6312036508841985,
  "fpr": 0.6216919350497891
}