{
  "accuracy": 0.6726057906458798,
  "auc": 0.6352544132917964,
  "f1": 0.3900414937759336,
  "tpr": 0.4392523364485981,
  "fpr": 0.2543859649122807
}