{
  "accuracy": 0.6616022099447514,
  "auc": 0.7145997710440326,
  "f1": 0.642430675335014,
  "tpr": 0.6079859367152185,
  "fpr": 0.28478151682571573
}