{
  "accuracy": 0.7440347071583514,
  "auc": 0.8289855072463769,
  "f1": 0.6402439024390244,
  "tpr": 0.6521739130434783,
  "fpr": 0.20666666666666667
}