{
  "accuracy": 0.5473154362416107,
  "auc": 0.5831374712850772,
  "f1": 0.48959515701853956,
  "tpr": 0.4342281879194631,
  "fpr": 0.3395973154362416
}