{
  "accuracy": 0.7531760435571688,
  "auc": 0.8441956550713048,
  "f1": 0.7687074829931972,
  "tpr": 0.740983606557377,
  "fpr": 0.23170731707317074
}