{
  "accuracy": 0.5746102449888641,
  "auc": 0.6930507733508224,
  "f1": 0.45584045584045585,
  "tpr": 0.7476635514018691,
  "fpr": 0.47953216374269003
}