{
  "accuracy": 0.5083892617449665,
  "auc": 0.6555443448493312,
  "f1": 0.036817882971729124,
  "tpr": 0.01879194630872483,
  "fpr": 0.0020134228187919465
}