{
  "accuracy": 0.6866666666666666,
  "auc": 0.7487698412698413,
  "f1": 0.7493333333333333,
  "tpr": 0.669047619047619,
  "fpr": 0.2722222222222222
}