{
  "accuracy": 0.4892137788967727,
  "auc": 0.48116537555660804,
  "f1": 0.43490646662235305,
  "tpr": 0.39311055161364156,
  "fpr": 0.41468299382009616
}