{
  "accuracy": 0.6596924409789907,
  "auc": 0.7198307105195009,
  "f1": 0.6474916988243741,
  "tpr": 0.6251083001212961,
  "fpr": 0.30572641427705105
}