{
  "accuracy": 0.6741038226982002,
  "auc": 0.7387764839008091,
  "f1": 0.6536515965855201,
  "tpr": 0.5976297152767741,
  "fpr": 0.2448291711352842
}