{
  "accuracy": 0.7674247346761967,
  "auc": 0.8556768433515671,
  "f1": 0.7438087512525647,
  "tpr": 0.6752729163056662,
  "fpr": 0.1404314303040804
}