{
  "accuracy": 0.7622504537205081,
  "auc": 0.8358389977342398,
  "f1": 0.7790893760539629,
  "tpr": 0.7573770491803279,
  "fpr": 0.23170731707317074
}