{
  "accuracy": 0.6746203904555315,
  "auc": 0.7303209109730849,
  "f1": 0.601063829787234,
  "tpr": 0.7018633540372671,
  "fpr": 0.34
}