{
  "accuracy": 0.7274709302325582,
  "auc": 0.8214018934369234,
  "f1": 0.7513445811537611,
  "tpr": 0.8237479806138934,
  "fpr": 0.3687439457539554
}