{
  "accuracy": 0.6325167037861915,
  "auc": 0.7301196917527464,
  "f1": 0.44816053511705684,
  "tpr": 0.6261682242990654,
  "fpr": 0.3654970760233918
}