{
  "accuracy": 0.6003355704697987,
  "auc": 0.6206724922300797,
  "f1": 0.5955857385398982,
  "tpr": 0.5885906040268456,
  "fpr": 0.38791946308724834
}