{
  "accuracy": 0.6454859971964568,
  "auc": 0.7077568129107016,
  "f1": 0.6139430650059273,
  "tpr": 0.563780607832026,
  "fpr": 0.2728086134391124
}