{
  "accuracy": 0.8138727390180879,
  "auc": 0.8920210579522733,
  "f1": 0.809771395559957,
  "tpr": 0.7925686591276252,
  "fpr": 0.16483693897319987
}