{
  "accuracy": 0.3492407809110629,
  "auc": 0.5,
  "f1": 0.5176848874598071,
  "tpr": 1.0,
  "fpr": 1.0
}