{
  "accuracy": 0.7136659436008677,
  "auc": 0.7918426501035196,
  "f1": 0.6312849162011173,
  "tpr": 0.7018633540372671,
  "fpr": 0.28
}