{
  "accuracy": 0.7986111111111112,
  "auc": 0.8853711288687839,
  "f1": 0.8093855090186487,
  "tpr": 0.8554119547657512,
  "fpr": 0.25815305134000643
}