{
  "accuracy": 0.6593184754521964,
  "auc": 0.7018300450224644,
  "f1": 0.6904849240701343,
  "tpr": 0.7602584814216479,
  "fpr": 0.4415563448498547
}