{
  "accuracy": 0.5007667031763418,
  "auc": 0.5525682722158944,
  "f1": 0.6649022202617262,
  "tpr": 0.99079754601227,
  "fpr": 0.9890494962768287
}