{
  "accuracy": 0.7115948952432949,
  "auc": 0.7582131467357015,
  "f1": 0.5545483292927164,
  "tpr": 0.7502852253280091,
  "fpr": 0.30057414551000267
}