{
  "accuracy": 0.6399328859060402,
  "auc": 0.7023291743615152,
  "f1": 0.5964648364046634,
  "tpr": 0.5322147651006711,
  "fpr": 0.2523489932885906
}