{
  "accuracy": 0.6902310396785535,
  "auc": 0.730974467978833,
  "f1": 0.6360820179967547,
  "tpr": 0.5414364640883977,
  "fpr": 0.1609743847312908
}