{
  "accuracy": 0.595754819146632,
  "auc": 0.6836075127494847,
  "f1": 0.49573111423322164,
  "tpr": 0.3974181251083001,
  "fpr": 0.20592566923676686
}