{
  "accuracy": 0.7515342377260982,
  "auc": 0.8159312545414996,
  "f1": 0.740227944280287,
  "tpr": 0.7082390953150243,
  "fpr": 0.20519857927026156
}