{
  "accuracy": 0.7422867513611615,
  "auc": 0.8193989071038251,
  "f1": 0.761744966442953,
  "tpr": 0.7442622950819672,
  "fpr": 0.2601626016260163
}