{
  "accuracy": 0.7006507592190889,
  "auc": 0.7504554865424431,
  "f1": 0.5460526315789473,
  "tpr": 0.515527950310559,
  "fpr": 0.2
}