{
  "accuracy": 0.6901054746358614,
  "auc": 0.7392467510124037,
  "f1": 0.6503258713516576,
  "tpr": 0.5763435459568056,
  "fpr": 0.19613259668508287
}