{
  "accuracy": 0.6893572351421189,
  "auc": 0.786814510681294,
  "f1": 0.731223363375952,
  "tpr": 0.8453957996768983,
  "fpr": 0.46658056183403296
}