{
  "accuracy": 0.7657966526579665,
  "auc": 0.8198245253083801,
  "f1": 0.42039959857677217,
  "tpr": 0.7261266939804601,
  "fpr": 0.22894835719951573
}