{
  "accuracy": 0.6414253897550112,
  "auc": 0.7005793299447997,
  "f1": 0.4542372881355932,
  "tpr": 0.6261682242990654,
  "fpr": 0.3538011695906433
}