{
  "accuracy": 0.47333333333333333,
  "auc": 0.43500661375661376,
  "f1": 0.5671232876712329,
  "tpr": 0.4928571428571429,
  "fpr": 0.5722222222222222
}