{
  "accuracy": 0.5963083877448518,
  "auc": 0.6801673578314873,
  "f1": 0.6240205823880248,
  "tpr": 0.6700150678051231,
  "fpr": 0.4773982923154194
}