{
  "accuracy": 0.6341034655951783,
  "auc": 0.6847980338948674,
  "f1": 0.6725106765565295,
  "tpr": 0.7513812154696132,
  "fpr": 0.4831742842792566
}