{
  "accuracy": 0.6372841420859554,
  "auc": 0.6935869932416753,
  "f1": 0.6194477039818509,
  "tpr": 0.5904142682453996,
  "fpr": 0.31584598407348863
}