{
  "accuracy": 0.733246696989387,
  "auc": 0.8032449444719016,
  "f1": 0.7048221647013709,
  "tpr": 0.6369779934153527,
  "fpr": 0.17049293944381877
}