{
  "accuracy": 0.5949664429530201,
  "auc": 0.650334669609477,
  "f1": 0.6154826377827334,
  "tpr": 0.6483221476510067,
  "fpr": 0.45838926174496647
}