{
  "accuracy": 0.6464208242950108,
  "auc": 0.6599378881987578,
  "f1": 0.09944751381215469,
  "tpr": 0.055900621118012424,
  "fpr": 0.03666666666666667
}