{
  "accuracy": 0.6058912713883474,
  "auc": 0.6136809269275936,
  "f1": 0.44591961023142507,
  "tpr": 0.3171893952521227,
  "fpr": 0.1054318634670363
}