{
  "accuracy": 0.5375684556407448,
  "auc": 0.5527636729659415,
  "f1": 0.5447487599741212,
  "tpr": 0.5534618755477652,
  "fpr": 0.4783180026281209
}