{
  "accuracy": 0.5703951409267727,
  "auc": 0.5610629314490465,
  "f1": 0.2854710556186152,
  "tpr": 0.35867084997147747,
  "fpr": 0.3630124697227954
}