{
  "accuracy": 0.5125958378970427,
  "auc": 0.5162762298634537,
  "f1": 0.4708680142687277,
  "tpr": 0.43382997370727433,
  "fpr": 0.40867279894875164
}