{
  "accuracy": 0.49776885319053993,
  "auc": 0.5061374104072308,
  "f1": 0.537782340862423,
  "tpr": 0.567784361902009,
  "fpr": 0.5764516623257239
}