{
  "accuracy": 0.6685259556745501,
  "auc": 0.7289437104875691,
  "f1": 0.6802037741264261,
  "tpr": 0.6850700968348027,
  "fpr": 0.3490117971502988
}