{
  "accuracy": 0.5345607235142119,
  "auc": 0.5479991450374353,
  "f1": 0.5563423645320197,
  "tpr": 0.5838449111470113,
  "fpr": 0.5146916370681305
}