{
  "accuracy": 0.6854663774403471,
  "auc": 0.7534057971014493,
  "f1": 0.6027397260273972,
  "tpr": 0.6832298136645962,
  "fpr": 0.31333333333333335
}