{
  "accuracy": 0.6166666666666667,
  "auc": 0.6896560846560846,
  "f1": 0.670487106017192,
  "tpr": 0.5571428571428572,
  "fpr": 0.24444444444444444
}