{
  "accuracy": 0.5630336514314415,
  "auc": 0.5880979727709903,
  "f1": 0.29383116883116883,
  "tpr": 0.18181818181818182,
  "fpr": 0.055750878955298844
}