{
  "accuracy": 0.760578165374677,
  "auc": 0.8216035712292317,
  "f1": 0.7635000398819495,
  "tpr": 0.7731825525040388,
  "fpr": 0.2520180820148531
}