{
  "accuracy": 0.7776662204373048,
  "auc": 0.8647709798866983,
  "f1": 0.7783010122733509,
  "tpr": 0.7584188466541407,
  "fpr": 0.20193044277616057
}