{
  "accuracy": 0.7818876680543233,
  "auc": 0.874096459152852,
  "f1": 0.6419047619047619,
  "tpr": 0.8170279520821448,
  "fpr": 0.22916479770341797
}