{
  "accuracy": 0.7892240496826588,
  "auc": 0.8516747181560775,
  "f1": 0.6199003138268414,
  "tpr": 0.7183399885909869,
  "fpr": 0.188481205705571
}