{
  "accuracy": 0.5973129080863887,
  "auc": 0.6463107716517398,
  "f1": 0.6021585411239301,
  "tpr": 0.6094927172275239,
  "fpr": 0.4148669010547464
}