{
  "accuracy": 0.6849469352393329,
  "auc": 0.7524246129451428,
  "f1": 0.6573057531922913,
  "tpr": 0.604314676832438,
  "fpr": 0.2344277917352508
}