{
  "accuracy": 0.5946547884187082,
  "auc": 0.7157867409957916,
  "f1": 0.44171779141104295,
  "tpr": 0.6728971962616822,
  "fpr": 0.4298245614035088
}