{
  "accuracy": 0.5765100671140939,
  "auc": 0.6629899554074141,
  "f1": 0.6472889882615986,
  "tpr": 0.7771812080536913,
  "fpr": 0.6241610738255033
}