{
  "accuracy": 0.23926840919948134,
  "auc": 0.5,
  "f1": 0.3861446114874167,
  "tpr": 1.0,
  "fpr": 1.0
}