{
  "accuracy": 0.7579344473816717,
  "auc": 0.8351628764854044,
  "f1": 0.7544463820396892,
  "tpr": 0.7437295443101712,
  "fpr": 0.2278606495468278
}