{
  "accuracy": 0.6941431670281996,
  "auc": 0.7793478260869565,
  "f1": 0.6199460916442049,
  "tpr": 0.7142857142857143,
  "fpr": 0.31666666666666665
}