{
  "accuracy": 0.766600696103187,
  "auc": 0.8344354288699412,
  "f1": 0.5949307118322871,
  "tpr": 0.716343411294923,
  "fpr": 0.21759217726742622
}