{
  "accuracy": 0.5459337904593379,
  "auc": 0.807786742892561,
  "f1": 0.3141600311821371,
  "tpr": 0.8890639773085408,
  "fpr": 0.49951989312403455
}