{
  "accuracy": 0.49997834091401344,
  "auc": 0.5,
  "f1": 0.666647413867791,
  "tpr": 1.0,
  "fpr": 1.0
}