{
  "accuracy": 0.597590981918059,
  "auc": 0.635123583605042,
  "f1": 0.6000511843489635,
  "tpr": 0.6037422751201648,
  "fpr": 0.4085603112840467
}