{
  "accuracy": 0.8086057462635637,
  "auc": 0.8622711864437138,
  "f1": 0.6327506056439468,
  "tpr": 0.6891043924700513,
  "fpr": 0.15380819951556474
}