{
  "accuracy": 0.7216035634743875,
  "auc": 0.697054161884462,
  "f1": 0.4939271255060729,
  "tpr": 0.5700934579439252,
  "fpr": 0.2309941520467836
}