{
  "accuracy": 0.6547884187082406,
  "auc": 0.6830627971798655,
  "f1": 0.4483985765124555,
  "tpr": 0.5887850467289719,
  "fpr": 0.32456140350877194
}