{
  "accuracy": 0.7312540610786225,
  "auc": 0.7784731573997691,
  "f1": 0.7058600417219799,
  "tpr": 0.6449488823427483,
  "fpr": 0.18244823702676946
}