{
  "accuracy": 0.4655659675739997,
  "auc": 0.4765548209331498,
  "f1": 0.6014420410427066,
  "tpr": 0.7836392542274895,
  "fpr": 0.8716102344109086
}