{
  "accuracy": 0.7066666666666667,
  "auc": 0.6714181286549707,
  "f1": 0.47619047619047616,
  "tpr": 0.5555555555555556,
  "fpr": 0.24561403508771928
}