{
  "accuracy": 0.621380846325167,
  "auc": 0.7022872602065913,
  "f1": 0.4370860927152318,
  "tpr": 0.616822429906542,
  "fpr": 0.37719298245614036
}