{
  "accuracy": 0.5220153340635268,
  "auc": 0.538480127666942,
  "f1": 0.48367250354945573,
  "tpr": 0.44785276073619634,
  "fpr": 0.4038545773105563
}