{
  "accuracy": 0.5391018619934282,
  "auc": 0.5576160609435361,
  "f1": 0.5492716366752356,
  "tpr": 0.5617879053461875,
  "fpr": 0.4835742444152431
}