{
  "accuracy": 0.55,
  "auc": 0.7099074074074073,
  "f1": 0.5514950166112956,
  "tpr": 0.3952380952380952,
  "fpr": 0.08888888888888889
}