{
  "accuracy": 0.7768895348837209,
  "auc": 0.8574462596822295,
  "f1": 0.7810791537913002,
  "tpr": 0.7962843295638126,
  "fpr": 0.24249273490474652
}