{
  "accuracy": 0.7604166666666666,
  "auc": 0.8468059701492537,
  "f1": 0.6891891891891891,
  "tpr": 0.7611940298507462,
  "fpr": 0.24
}