{
  "accuracy": 0.518536192549733,
  "auc": 0.5328013996831709,
  "f1": 0.5751506697897203,
  "tpr": 0.6517939693996242,
  "fpr": 0.6147215843001581
}