{
  "accuracy": 0.6142603359173127,
  "auc": 0.7008627088698585,
  "f1": 0.6366471438350955,
  "tpr": 0.6760904684975767,
  "fpr": 0.4475298676138198
}