{
  "accuracy": 0.5139101861993428,
  "auc": 0.5137863098933051,
  "f1": 0.48598563817465834,
  "tpr": 0.45968448729184924,
  "fpr": 0.43188786684187475
}