{
  "accuracy": 0.4298778407152119,
  "auc": 0.4485574742469445,
  "f1": 0.27964128653962234,
  "tpr": 0.4624928693667998,
  "fpr": 0.5803803714003768
}