{
  "accuracy": 0.6391982182628062,
  "auc": 0.6295430944963655,
  "f1": 0.352,
  "tpr": 0.411214953271028,
  "fpr": 0.2894736842105263
}