{
  "accuracy": 0.7416132124161321,
  "auc": 0.6035919051950525,
  "f1": 0.19556983817284518,
  "tpr": 0.268515600378191,
  "fpr": 0.1957166116979084
}