{
  "accuracy": 0.5134720700985761,
  "auc": 0.5225762725137941,
  "f1": 0.43036676070787383,
  "tpr": 0.36765994741454866,
  "fpr": 0.3407796758650898
}