{
  "accuracy": 0.6847403262130621,
  "auc": 0.6920765333989468,
  "f1": 0.46874820309355414,
  "tpr": 0.5812892184826013,
  "fpr": 0.2827218085583565
}