{
  "accuracy": 0.7296512887156162,
  "auc": 0.7858099403445065,
  "f1": 0.7368997934319801,
  "tpr": 0.7572344481025819,
  "fpr": 0.2979294810707788
}