{
  "accuracy": 0.7304774654172245,
  "auc": 0.8012327466596612,
  "f1": 0.7336469204762605,
  "tpr": 0.7213470154646625,
  "fpr": 0.2598437260609775
}