{
  "accuracy": 0.6716666666666666,
  "auc": 0.6962103174603174,
  "f1": 0.7484035759897829,
  "tpr": 0.6976190476190476,
  "fpr": 0.3888888888888889
}