{
  "accuracy": 0.11697264616972647,
  "auc": 0.5,
  "f1": 0.20944585629888776,
  "tpr": 1.0,
  "fpr": 1.0
}