{
  "accuracy": 0.7513611615245009,
  "auc": 0.8369385579101694,
  "f1": 0.7901990811638591,
  "tpr": 0.8459016393442623,
  "fpr": 0.36585365853658536
}