{
  "accuracy": 0.7029228023203927,
  "auc": 0.7588197932773406,
  "f1": 0.7376268514565338,
  "tpr": 0.8115334585922821,
  "fpr": 0.4122108166079363
}