{
  "accuracy": 0.528725108720531,
  "auc": 0.5404677980110288,
  "f1": 0.6067045508810468,
  "tpr": 0.7269970244907301,
  "fpr": 0.6695468070496681
}