{
  "accuracy": 0.5152461698646438,
  "auc": 0.39361815317799065,
  "f1": 0.6789162561576355,
  "tpr": 0.9959531724237607,
  "fpr": 0.9943312394668301
}