{
  "accuracy": 0.498538578543947,
  "auc": 0.5153390606415891,
  "f1": 0.5515622707936042,
  "tpr": 0.6167795043097021,
  "fpr": 0.619702347221808
}