{
  "accuracy": 0.7942564329425643,
  "auc": 0.8872502036732323,
  "f1": 0.4889662118853585,
  "tpr": 0.8414749448471478,
  "fpr": 0.2119984970567361
}