{
  "accuracy": 0.729622192473598,
  "auc": 0.7957816108360453,
  "f1": 0.7279530063231938,
  "tpr": 0.7029917618152912,
  "fpr": 0.24214800061283898
}